<?xml version="1.0" encoding="UTF-8"?><rss version="2.0"
	xmlns:content="http://purl.org/rss/1.0/modules/content/"
	xmlns:wfw="http://wellformedweb.org/CommentAPI/"
	xmlns:dc="http://purl.org/dc/elements/1.1/"
	xmlns:atom="http://www.w3.org/2005/Atom"
	xmlns:sy="http://purl.org/rss/1.0/modules/syndication/"
	xmlns:slash="http://purl.org/rss/1.0/modules/slash/"
	>

<channel>
	<title>Ilorinhousefellowship</title>
	<atom:link href="https://timi4tech.github.io/IlorinHouseFellowship/feed/" rel="self" type="application/rss+xml" />
	<link>https://timi4tech.github.io/IlorinHouseFellowship/</link>
	<description></description>
	<lastBuildDate>Wed, 11 Dec 2024 13:44:52 +0000</lastBuildDate>
	<language>en-US</language>
	<sy:updatePeriod>
	hourly	</sy:updatePeriod>
	<sy:updateFrequency>
	1	</sy:updateFrequency>
	<generator>https://wordpress.org/?v=6.7.1</generator>

<image>
	<url>https://timi4tech.github.io/IlorinHouseFellowship/wp-content/uploads/2023/05/church-150x150.jpg</url>
	<title>Ilorinhousefellowship</title>
	<link>https://timi4tech.github.io/IlorinHouseFellowship/</link>
	<width>32</width>
	<height>32</height>
</image> 
</channel>
</rss>
